GEOID,LST,NDVI,NDBI,z_score,cluster_type
04013103400,58.05270231970678,0.1752812058834661,-0.010177003722664635,0.7467510307383779,0
04013103900,57.606302415271564,0.17504972615143305,-0.02282398252935362,0.5163810987683515,0
04013104600,57.52473093258613,0.15313893265430017,0.036043065810371894,0.4742851737239398,0
04013105200,57.698757235135915,0.1586801233870566,0.033638588784623266,0.5640934982353688,0
04013105300,55.225027823359845,0.24714054318977635,-0.07273976878584879,-0.7125037201804956,0
04013106300,55.60610770655436,0.22546856625498382,-0.06711051398614651,-0.515842955035985,0
04013106400,55.012873905891894,0.19709903751436578,-0.042853998114157646,-0.8219882497439628,0
04013107800,51.70371435479089,0.2841265165200128,-0.08070715025372632,-2.52971903796982,1
04013107900,52.377577827794426,0.23922253022788034,-0.031848880472396694,-2.181963850545852,1
04013108000,52.38313440535599,0.3594428927355246,-0.10634094809016915,-2.1790963132051733,1
04013108100,53.07664509713167,0.3297023112102719,-0.10691269341498562,-1.8212019469709748,1
04013108200,55.60552518990789,0.24622102563816647,-0.06911404714825359,-0.5161435696169615,0
04013109500,55.829677985257476,0.2644219501333044,-0.053232695192124445,-0.4004668777034446,0
04013109900,57.72509855120203,0.19378328023809732,-0.024551577222894763,0.5776872448510398,0
04013110100,58.186350143331055,0.11524535178020599,0.0034661566398611265,0.8157215652980103,0
04013110600,54.28117354249742,0.29563662159446064,-0.08176925071833413,-1.199590846121961,0
04013111100,53.14831996922878,0.34536536796646633,-0.11143041264825573,-1.7842132844624943,1
04013111900,52.49318857689791,0.34507806368932875,-0.08196386836935118,-2.1223015608783196,1
04013113800,58.282073601764914,0.07640998515636442,0.03264063061819949,0.865120784223121,0
04013114800,58.70917508880668,0.11785373873047386,0.03155503088944513,1.0855315404453767,0
04013115200,57.19211606009462,0.09933963374505878,0.005124489516240277,0.30263534856317215,0
04013115400,58.29586786025343,0.14004956103013333,0.017229584675477624,0.8722394738957746,0
04013116900,57.66047799341662,0.08266061684845843,0.010988178175187671,0.5443390443855298,0
04013117000,58.22210786527159,0.1596349710435105,-0.011781575519496563,0.8341747591472922,0
04013117100,56.311553730615145,0.20489879545271794,-0.02218784969200965,-0.15178921990577815,0
04013117300,57.52784998923278,0.12175803208461239,0.04111899381376559,0.47589479966776177,0
04013217300,53.42896244554326,0.2604480020055566,-0.08909267886941816,-1.639384426897518,1
04013217400,56.45678596518823,0.18576457111727165,-0.036111519633243716,-0.07684041354170293,0
04013217600,52.71423087865601,0.22463302255181342,-0.061110731310994426,-2.0082300758430844,1
04013217900,54.26403778928138,0.19400021145414273,-0.0419618340584304,-1.208433953531736,0
04013218200,54.96254550378305,0.1824283314029295,-0.034971750672936175,-0.8479608148246921,0
04013218300,55.17641089161108,0.1511326141393153,-0.014211382707495427,-0.7375930608104518,0
04013318400,54.74131412113647,0.14268644825341956,-0.008026694951206502,-0.9621298772809395,0
04013318800,56.091004391866555,0.1614851889116363,-0.02129902499496204,-0.26560630556987325,0
04013320100,56.586924676560976,0.1665543458304111,-0.010210174594544284,-0.009680797718002027,0
04013810500,52.10333573858732,0.21163979975185676,-0.07329952545096328,-2.323489712908861,1
04013941000,57.09896022063399,0.2425706620363394,0.037043480676924256,0.25456117967125197,0
04013941100,61.88563767326838,0.1467451803975495,0.1226816659405985,2.7247824950655284,2
04013941300,53.4087635980832,0.24629863062532628,-0.016992422130789577,-1.6498082801936682,1
04013082002,58.34777585905259,0.16968890842622453,-0.008461393549663944,0.8990272084657264,0
04013082016,54.57408167682864,0.239640815256779,-0.03747630334352547,-1.0484321511739358,0
04013082204,51.935630358827154,0.27862168986910757,-0.06203252611066927,-2.410036050716071,1
04013082206,56.57277348161274,0.1907926363989826,0.021512099617349578,-0.016983688657559226,0
04013092307,58.29035923977169,0.17228197214002525,-0.021814585259277524,0.8693966853713617,0
04013092720,56.860962370549416,0.15862907069023474,-0.001158217177991607,0.1317395840834044,0
04013093001,57.65042143024766,0.16481289975408628,-0.026237941643222153,0.5391492364351529,0
04013093104,58.14177386085028,0.08869971020206997,0.022559851051523055,0.7927174493460472,0
04013103209,54.05023332952467,0.2595861601293792,-0.058754665855845815,-1.3187702648966708,0
04013103604,57.28896801394644,0.09268538178819803,0.03493291172345748,0.3526169408492103,0
04013103605,54.2689696476527,0.2414535141706728,-0.03722679575999607,-1.2058888098921454,0
04013103609,54.58306168642238,0.2674930035266323,-0.03781492720406907,-1.0437979113843512,0
04013103611,56.720469576248064,0.16862102307652924,0.02114944491653097,0.059236621730780814,0
04013104203,58.49630254130616,0.16755037492500116,-0.018908520733590627,0.9756761533837995,0
04013104204,59.16539744082278,0.13186215489287745,-0.004848296019608338,1.3209704622572571,0
04013104205,57.70162943115584,0.13319827999455122,-0.011903986091409281,0.565575728843261,0
04013104206,58.51837310095441,0.15248749592376934,-0.01746490033911161,0.9870659258147365,0
04013104221,57.967043284857176,0.18317590267809175,-0.030248069193034712,0.7025456762236001,0
04013104223,56.803910971256556,0.20846787951150839,-0.02622021866854279,0.10229753706836472,0
04013104224,56.78837359004008,0.1856424987425215,-0.017001227219441833,0.0942792883674373,0
04013104302,55.49536967162417,0.14767069299515012,-0.03605546930795844,-0.5729906231243979,0
04013104402,56.50732671118039,0.1263855055642864,-0.009237296464124255,-0.05075826589729723,0
04013104501,57.82275154639402,0.12275766432167491,0.0022616847831084174,0.6280822239617753,0
04013105002,52.02294925059119,0.2798342020539411,-0.06603111881392154,-2.3649741074774653,1
04013105003,51.97822537389023,0.32516083491759956,-0.09802158142249644,-2.388054391166304,1
04013105004,52.305727753943685,0.2671938438205396,-0.04394642278986144,-2.2190429279842268,1
04013105102,55.69179128176122,0.16563785464950262,0.04299983972290848,-0.4716249361806136,0
04013105503,55.938076983427486,0.1297873332393506,-0.009101613581959211,-0.34452629710310045,0
04013106703,54.03296299575735,0.30199471911456405,-0.09705323882826311,-1.3276828241861067,0
04013108301,54.47861663729886,0.27929794604025754,-0.09633363593156605,-1.0976980099778602,0
04013108601,58.04246821343911,0.13882284818973778,-0.006623386838623007,0.7414695995793793,0
04013108602,56.59278828496835,0.16675711058133408,-0.03133664154197316,-0.006654813490665234,0
04013108802,56.08007320274413,0.19628710355769552,-0.039309930704979186,-0.2712474745519103,0
04013108901,56.233410935817155,0.2195932215104502,-0.05202154857138928,-0.19211573015522937,0
04013108902,56.824879238131444,0.18827609570920179,-0.03899838236816515,0.1131184583219408,0
04013109003,58.712586758971526,0.12825821142225372,-0.0030684829665683796,1.0872921730440188,0
04013110001,58.100778295288784,0.1826525325119905,-0.022951656584482786,0.7715612045627445,0
04013110002,58.65448510413111,0.14591877558330524,-0.003113555948077343,1.0573081292753121,0
04013110701,57.12357295303852,0.1520015665896104,-0.02044574787065276,0.26726287031520757,0
04013110702,56.773924677474405,0.19725340080667245,-0.038472620025700455,0.08682275674248773,0
04013111204,57.16252258279554,0.19940063064039815,0.015182111413217108,0.287363285813134,0
04013111501,58.08157298136911,0.16036809304472846,-0.00978359851045943,0.7616500759599393,0
04013111502,56.65338373182983,0.22469429658912776,-0.05370561440914245,0.02461618104243863,0
04013111601,57.42071100653762,0.18825200358312005,-0.026874767899220862,0.42060446490380704,0
04013112512,57.47439385140357,0.08462746218123054,0.014211856741993248,0.4483081297049276,0
04013112514,56.4880947536267,0.1185349921645777,0.024437502871749766,-0.06068314426146274,0
04013112518,54.64669094833244,0.18949181582562313,-0.00141062437317835,-1.0109612808387671,0
04013113503,58.21015653954875,0.1593085216724758,-0.007810846841959382,0.8280071366492414,0
04013113601,57.36564741232399,0.14443253679800075,0.0018845879271570025,0.3921882481282473,0
04013113602,58.06958545445195,0.15058106369053917,-0.007510149724049554,0.7554637714088911,0
04013113702,57.93869395899898,0.1410576874620884,-0.0013327909597038094,0.6879156724882474,0
04013116607,56.97704209180877,0.14532006308333217,-0.002152422450781049,0.1916438923592984,0
04013116610,54.54694685734767,0.26952536065965615,-0.05401489313918804,-1.0624353945791039,0
04013116618,52.945422505644835,0.3186760357226428,-0.08805616028816608,-1.8889209119022028,1
04013116708,56.396656269303364,0.20458497329445252,-0.03703634373920342,-0.107871051793969,0
04013116711,55.130114855908346,0.2080166564452141,-0.03692074323778498,-0.7614846756816819,0
04013116713,54.38252858895766,0.1697250184892763,-0.03202690541936721,-1.1472853798217253,0
04013116718,54.65795444169078,0.18099746598504063,-0.04300533542628523,-1.0051486223392379,0
04013116728,57.035893586976684,0.15546229229402048,0.03948498102211949,0.22201490006665847,0
04013116730,58.68373878074211,0.13943070289305276,0.07510436087024716,1.0724048338753622,0
04013116733,56.20651986809452,0.15816990972591322,0.10038205132966846,-0.2059931825926421,0
04013216813,49.98326714547357,0.34288462333579217,-0.12229030263399487,-3.4175760975941913,1
04013216834,50.62786002033517,0.3106588903874492,-0.09868862616354113,-3.084926347325751,1
04013216835,49.640578175531246,0.3511731436223055,-0.10499856464593825,-3.5944247794781456,1
04013216901,52.35759219541247,0.24106176649615457,-0.061489210135596176,-2.1922776716879815,1
04013216902,53.95514173697426,0.2119698516071634,-0.04670034884340313,-1.3678434019854324,0
04013217001,53.63866993389959,0.19791191121891802,-0.06531007521320376,-1.5311624059108095,1
04013217002,54.111994460709425,0.2160574758839351,-0.059018748505244384,-1.2868977052297408,0
04013217101,53.702011773535254,0.22852854655807572,-0.05751953802427187,-1.498474103017498,0
04013217102,54.341158217417835,0.2138992257767243,-0.06023638682574514,-1.1686350476476237,0
04013217201,55.73171404620614,0.13124906630921865,-0.03790884160418188,-0.45102232305759216,0
04013217203,53.71801739226683,0.16249229234580106,-0.05274966852972676,-1.4902142148282378,0
04013217204,52.464283768046535,0.17072752634203442,-0.06757072291919614,-2.1372182281592456,1
04013319403,54.255051399616626,0.19254136626318857,-0.039251730211961953,-1.2130714858321634,0
04013319706,56.18578138669695,0.16652256826514344,-0.03202308241289706,-0.21669552034238515,0
04013319709,56.13740637351216,0.17567185472586996,-0.02386983431860515,-0.24166001604614204,0
04013319710,56.93030622932266,0.12513386382111544,-0.018170226554848862,0.16752529969269103,0
04013319902,54.458461262312305,0.1893312690277643,-0.04333767083136747,-1.108099428791689,0
04013319903,53.08318907471943,0.2171359233201299,-0.06763008441927561,-1.8178248502092424,1
04013319904,56.598370065653334,0.17352833857809055,-0.033509060534807095,-0.0037742697810997823,0
04013319906,53.47436060455389,0.16519070780889375,-0.04270234989685522,-1.6159561718756588,1
04013319908,53.23695375874396,0.20211265233091888,-0.024413986458953797,-1.7384727727419762,1
04013319909,53.19963907924747,0.19921256102889545,-0.055135390256785495,-1.7577294528883698,1
04013421201,54.08965171923924,0.17659977010188313,-0.02755911931291605,-1.2984279402978285,0
04013421202,55.76937522829052,0.1515388649153442,-0.013194686133556685,-0.4315868261668262,0
04013422212,53.696421206833186,0.18731868298590698,-0.06386887306882257,-1.5013591808547317,1
04013422213,55.499167780657885,0.17923040780740648,-0.03042652605847452,-0.5710305641928909,0
04013422221,51.59982693367764,0.3291284669940162,-0.10023217059846797,-2.5833313660564037,1
04013422223,53.50915265978749,0.21455529983166644,-0.06660134420755523,-1.5980013217118736,1
04013422227,54.129007567400514,0.17418524623987716,-0.038831956853598505,-1.2781178910046829,0
04013083000,56.65746761939167,0.12594514485945435,0.003307553242352932,0.026723719351580386,0
04013092500,57.01208031928477,0.19131961022007218,-0.035107301902207656,0.20972578261016878,0
04013092600,57.15562296589173,0.19124275745440167,-0.01023533355015724,0.2838026571907766,0
04013092900,58.013638561204836,0.1089099611960082,0.021939022606470716,0.7265917177565069,0
04013093200,53.47894899335889,0.26072994892308665,-0.04694176447677703,-1.6135882797539114,1
04013104000,58.94567247009049,0.13932613855492468,-0.006428430834120544,1.207578801424008,0
04013104100,58.52581845731255,0.15271064189634598,-0.013010080414411391,0.9909081897146076,0
04013104900,57.42728053081215,0.168789309417924,-0.024495149910046574,0.42399474533433834,0
04013105400,54.079322722117915,0.3155097133469032,-0.10767080123698339,-1.3037583410002418,0
04013105800,58.942755887044385,0.1634247599985529,-0.020954648463894176,1.2060736643681054,0
04013105900,55.79495664432065,0.2586629012104389,-0.06888087556935041,-0.41838523492093727,0
04013106100,54.55100968019209,0.28808787183527423,-0.0975271449784364,-1.060338726965658,0
04013106200,52.871938795061915,0.35494297642266354,-0.13158301442341738,-1.9268430468303233,1
04013106600,52.799824270255314,0.34101429443878944,-0.12800098847672337,-1.9640585973012987,1
04013106900,58.55071627302892,0.17265806623940244,-0.017705851477504725,1.0037570009616397,0
04013107300,57.765865690709184,0.17593655975708863,-0.024472900236984115,0.5987256076767612,0
04013107500,53.73447326793075,0.2882512934201676,-0.10591358556755352,-1.481721966242295,0
04013107700,54.08824608592619,0.2851982825229313,-0.09556626349086496,-1.2991533339358785,0
04013108400,55.832389932797874,0.2353703406970169,-0.06692334372645069,-0.3990673452121056,0
04013109200,58.204818497444094,0.09894335054731088,0.012223177321249709,0.8252523771067676,0
04013109300,58.852849363786255,0.13211767444977618,-0.0017827340263266787,1.1596763433990491,0
04013110400,57.10825867010236,0.20188536918789596,-0.030566371390020747,0.2593597541112818,0
04013111000,55.80192259772097,0.28049809660940955,-0.08816236168588175,-0.4147903725677118,0
04013111300,56.01841670115022,0.24636575496378857,-0.06796847757652559,-0.303066038885317,0
04013111700,57.607352570077815,0.19377957718788283,-0.02699245024272861,0.5169230435332816,0
04013111800,55.39114324616786,0.215425419812462,-0.05789922209359601,-0.626777898397737,0
04013112100,57.58209231556932,0.10542198523145217,0.005490682096086502,0.5038871914758531,0
04013112700,58.04401970755931,0.14922278896953584,-0.005463669574815255,0.7422702664060772,0
04013112900,57.68420295610947,0.1432443049608983,-0.010326334455031127,0.5565825910064882,0
04013113000,55.86314516395847,0.188895806264802,-0.042412071780303866,-0.38319574568935644,0
04013113100,56.24633229998829,0.13167657657189658,-0.02159758728117203,-0.18544750788302639,0
04013113900,58.80725064204086,0.09810865528064917,0.02019879911010783,1.1361445856140726,0
04013114000,58.87267945610028,0.09351075730581537,0.01683628324218849,1.1699098962559225,0
04013114100,55.90801347239712,0.08302549605166112,-0.007474048923093356,-0.36004092630000245,0
04013114200,59.243800698270825,0.10087067176447963,0.02037261017689739,1.3614313873270913,0
04013114500,58.273634694085,0.12328221314320861,0.02307360640126526,0.8607657864536133,0
04013114600,58.150336672652315,0.09316194483700757,0.01063485994768693,0.7971363892981134,0
04013114900,57.88177457196835,0.13095898976895667,-0.0028837005601042767,0.6585417519570318,0
04013115300,59.21930006196003,0.12856800579830935,0.03366369280736027,1.3487875451934739,0
04013115500,57.92293168734378,0.14665163831444042,0.0246940151610719,0.6797813664258461,0
04013115600,58.865449353397615,0.1346278645847569,0.014166712053479753,1.1661787165419475,0
04013115700,57.92316647268684,0.19865776253843198,-0.016455370824008622,0.6799025301693215,0
04013115900,58.1136525146722,0.18957141933538926,-0.013256591350492508,0.7782050972115935,0
04013116000,58.75753550457971,0.18231008889169664,-0.0158691306213871,1.110488502982744,0
04013116100,58.25811739880114,0.1366488375626154,-0.012260252472699108,0.8527579033349473,0
04013116300,58.28815173119124,0.15228140628250805,0.004970157452631364,0.8682574745506418,0
04013116400,58.18098187460959,0.1794630389968668,-0.01645446713637548,0.8129512069536808,0
04013116500,57.37526363076407,0.20605041755350403,-0.023931010254384034,0.39715081099136623,0
04013116800,56.17276887094161,0.14983600342276027,-0.01025549605067936,-0.22341078246393453,0
04013117200,58.353736494381785,0.10180741457747493,0.009994571479897556,0.9021032645796321,0
04013217700,55.31776019087153,0.1811092769068702,-0.03795168663684131,-0.6646480889788834,0
04013217800,56.04212578363524,0.17440896834248892,-0.03089859328790424,-0.2908306874327756,0
04013218000,58.00213443389382,0.15516584344819523,-0.02480833307915693,0.7206548772695767,0
04013218100,58.220583956961,0.14722283551868098,-0.02845407747914984,0.8333883283027719,0
04013318700,52.8445131858465,0.14304180255903395,-0.019949501418277796,-1.9409963557052095,1
04013318900,57.52438877603014,0.20002902778439585,-0.03362308216754982,0.47410859980055226,0
04013319300,54.978701555071005,0.13960932410224047,-0.0070295800655580274,-0.8396232941417073,0
04013319500,55.8975012670465,0.17450370250087271,-0.03475661251600575,-0.36546587376844264,0
04013319600,55.34413335908398,0.20753346239693393,-0.05336860271679985,-0.6510379046876853,0
04013810000,56.143183862469485,0.15722841429474266,-0.03489723585552512,-0.23867847477600854,0
04013810100,52.14779460949291,0.24996604695681757,-0.06636291535237104,-2.3005461885840885,1
04013810400,56.16270636020285,0.15326453204274856,-0.03220065697227427,-0.22860365972780697,0
04013810600,55.20910107381016,0.2004038502536713,-0.03672301929205298,-0.7207229069988857,0
04013980400,57.59435831092141,0.10699803470497148,0.009000008970998301,0.5102172029447855,0
04013981000,58.54262674760262,0.10566929555366783,0.027723519343674695,0.9995823060219435,0
04013071903,57.34717531195652,0.14068230225965928,-0.009446206148612638,0.3826555030207387,0
04013071911,55.613997817134695,0.12229189887285188,0.03746117964532165,-0.5117711704778606,0
04013071914,58.2337991819289,0.17557255627051788,-0.009126224022436832,0.8402082009026007,0
04013071915,58.79753969368364,0.13623086483273952,-0.005025032678068044,1.1311331362607209,0
04013082007,58.45672458867285,0.15765188893430238,-0.010948392599166896,0.9552514844601273,0
04013082008,58.82208651405144,0.14962337870802878,-0.012593277817768525,1.143800812221283,0
04013082009,59.15063637966463,0.15477835264749293,-0.009611375492115196,1.3133528426721677,0
04013082010,58.60207599860879,0.1581884680138097,-0.007554197804462075,1.030261792674809,0
04013082017,55.95176717095489,0.19089362702258697,-0.022683302733829496,-0.33746131447651434,0
04013082018,57.07134679768133,0.1769922859396592,-0.04021661769391302,0.24031094730367888,0
04013082021,56.02514038627769,0.16371741600479547,0.013489629301309158,-0.2995962019296785,0
04013082024,55.953315837370766,0.1854790982076548,-0.020184028186392245,-0.336662106919959,0
04013082027,56.24702589236206,0.14911104086637975,-0.020806809073233505,-0.18508957136383558,0
04013082028,57.12969587302851,0.14293033084808757,-0.01377033780997274,0.27042267534101017,0
04013082205,55.76336178600143,0.16493711145553802,-0.037069872506173565,-0.4346901339347695,0
04013082207,53.64470182683876,0.3050222838907222,-0.0748171029173909,-1.5280495764674316,1
04013082212,56.66081565962172,0.17454796739979025,-0.03333381733899051,0.02845151497242765,0
04013082213,53.84098374271086,0.2488891346311404,-0.06092983872396074,-1.4267559803955179,0
04013092305,56.96572014538613,0.20097572576162026,-0.021011703443737966,0.1858010684670042,0
04013092306,58.04898800707568,0.1622742317054293,-0.023299220909113974,0.7448342159280671,0
04013092308,58.750248519133855,0.15421882991881852,-0.01640375508367538,1.106727968258725,0
04013092309,58.114258586944416,0.18205123143152319,-0.03449746271582612,0.7785178679508632,0
04013092311,57.654559134885865,0.14824845251605648,-0.01289206877221475,0.541284547680842,0
04013092312,56.568890932554716,0.17405657860569848,-0.017610909392487103,-0.01898732385882452,0
04013092401,58.0221024419006,0.1727511722667323,-0.025234637785128654,0.7309596031451754,0
04013092402,58.23199385469704,0.16670442111998654,-0.02388251921891602,0.839276540506942,0
04013092705,55.87148620191379,0.216691098056906,-0.040091523225642765,-0.378891254744724,0
04013092709,56.315461970317436,0.19398380227198841,-0.018167787107307213,-0.1497723267447493,0
04013092710,55.48496148505793,0.2421878396810744,-0.048069039997467373,-0.5783618904731873,0
04013092711,56.61757632860552,0.2161571376749472,-0.016352602130613222,0.006137348581121902,0
04013092712,56.80296056193479,0.18145327248782714,-0.011861630885552577,0.10180706713630641,0
04013092713,56.691467933749415,0.2000355600800869,-0.030124745184671425,0.04426998230489274,0
04013092715,58.58301519859807,0.16436548672762452,-0.019220122541469348,1.0204252421779638,0
04013092716,59.714023901251146,0.1542923495753355,-0.00785274914537138,1.6040956132936202,2
04013092717,56.84251071221773,0.2218865061789955,-0.05294706912113096,0.12221738832939229,0
04013092718,56.83220791298323,0.18191892366725534,-0.027261898945859248,0.11690050735524438,0
04013092719,56.49513845139558,0.12801772931821667,-0.029345499411515583,-0.057048161010539784,0
04013092721,56.07472272222559,0.21535403646988843,-0.06086337041010769,-0.2740086530844716,0
04013092801,57.071572720960944,0.2000545150090479,-0.032277987120534694,0.2404275376748645,0
04013092802,58.217731344216666,0.1731926450363216,-0.01903088415167432,0.831916203875056,0
04013093002,57.968812856614775,0.17598001700055768,-0.03253010058245093,0.7034588845853489,0
04013093101,58.0325824643525,0.14029766942577598,-7.653166089860551E-4,0.7363679422494217,0
04013093105,58.014792853159776,0.16507267743551346,-0.0190641164400223,0.7271874037243824,0
04013093106,59.49393316591995,0.1433548362295606,-0.001372366884285257,1.4905151953281879,0
04013103205,55.493110559863574,0.23892716642468267,-0.06345678417955035,-0.5741564643744295,0
04013103206,55.37590252312687,0.19966990211844934,-0.0422722000426986,-0.6346430531507803,0
04013103208,53.79149792766541,0.2550597948028244,-0.06431536183048281,-1.4522937184914186,0
04013103210,56.23604694310201,0.18123493605944288,-0.028648299338616963,-0.19075538752779736,0
04013103211,58.348527190339,0.1639289603883847,-0.01979159712786272,0.8994149418312969,0
04013103302,58.362048859078044,0.1735906478056279,-0.013469409445136228,0.9063929583509827,0
04013103501,57.311278058881356,0.1584158543410909,-0.014405068564577328,0.3641303024849124,0
04013103502,58.12256527920424,0.1550246795769087,0.021765800070442647,0.782804634394535,0
04013103607,56.68634267837722,0.18141803507709958,-0.03230499093360623,0.04162503386361836,0
04013103612,55.37516317689451,0.2092418685474242,-0.05427365938084292,-0.6350246014879513,0
04013103614,56.78728864039533,0.17055162670591373,-0.01669314065097959,0.09371938731600679,0
04013103615,56.839646841548735,0.16056811543770438,0.10789592354044007,0.12073945411696836,0
04013103701,55.92927552112329,0.19202747770469905,-0.01819529348881776,-0.3490683954595512,0
04013103702,57.18016108505803,0.18160077306938513,0.05157450051532597,0.2964658427937511,0
04013104202,58.98001223651951,0.15374954387193948,-0.02015159669915294,1.2253002426194923,0
04013104212,58.59758058110485,0.15085298584013193,-0.012853227561014025,1.0279418794887396,0
04013104218,58.97782123791419,0.12547482909707305,-0.0015065807061166866,1.224169551966027,0
04013104219,58.86239474804709,0.16996925865291315,-0.00838729161660229,1.164602351449113,0
04013104222,57.61082496787404,0.18273257790462488,-0.02833718381670243,0.5187150153418347,0
04013104227,57.988196338220696,0.14990443428298053,-0.022201234071034127,0.7134619587225349,0
04013104301,58.97935067533426,0.15282771349128865,-0.014620854566642303,1.2249588361726604,0
04013104401,57.34805603039485,0.15013529368773287,-0.013107904680044552,0.3831100081510206,0
04013104502,58.86441663733227,0.1404190364803561,0.011266156113055344,1.165645771244795,0
04013104701,56.76124241542094,0.15385260020302197,-0.018931335633683766,0.08027792593617383,0
04013104702,57.39703827804897,0.1430662460194251,0.004716199804218094,0.4083878743595591,0
04013104801,57.563547128909114,0.15951893734858152,0.050450534586222895,0.49431672932557985,0
04013104802,57.5666506023567,0.17461791694260628,-0.022530517077596728,0.4959183133758636,0
04013105101,56.04913907185698,0.20219975116225183,-0.028509383662220125,-0.2872113973870678,0
04013105103,53.44628537814347,0.23897309776468284,-0.03620224723227827,-1.6304447233604384,1
04013105501,57.7935707996435,0.1358735882457203,-0.01388792347269001,0.6130231556757799,0
04013105502,56.324165494672194,0.18259309120282222,-0.049680934995266185,-0.145280770421408,0
04013105601,59.18705617457368,0.14753517956044543,0.001073368829946699,1.3321477070800662,0
04013105602,57.6109885198131,0.16316458214051666,-0.022551523987607593,0.5187994182476162,0
04013105701,58.75468024716428,0.17073980894492732,-0.02474921246713275,1.109015013741341,0
04013105702,59.22638908457366,0.14395419306487522,-0.012091099567849687,1.3524459188647298,0
04013106001,56.73065871310111,0.2121979401360334,-0.04447064064086525,0.06449484589334775,0
04013106002,56.166294794697116,0.20997205340797276,-0.05643175480434386,-0.22675180581361432,0
04013106003,57.504562886554986,0.1853129425815898,-0.03629338003243219,0.4638772158682107,0
04013106501,55.471284804271896,0.24002289025020837,-0.07975916750776858,-0.5854199027866994,0
04013106502,54.839887155937625,0.2577612931520968,-0.09676213400438119,-0.9112601008862701,0
04013106701,55.96467164318352,0.15758340704324117,-0.03905355613654091,-0.33080180949032795,0
04013106702,53.84422859112428,0.29639803064108616,-0.10289076944948057,-1.4250814381278676,0
04013106801,57.813432863169204,0.13561905723481676,-0.0110613090395472,0.6232732076532563,0
04013106802,56.55612888961291,0.20899034305986974,-0.03638176280474846,-0.025573326532867847,0
04013107001,57.9502377826685,0.20922721123723584,-0.03511784765028944,0.6938729987488473,0
04013107002,59.29195050673375,0.168424536736898,-0.021665158580250646,1.3862796634798549,0
04013107101,59.60155901326128,0.15243269774697008,-0.012674698119775127,1.5460567823310076,2
04013107102,58.75245323301521,0.15923484973359053,-0.01694721629059999,1.1078657368420397,0
04013107201,56.522734915370236,0.17638130754095302,-0.03531322965108686,-0.042806680523447146,0
04013107202,59.07485261832789,0.164355606413857,-0.015159472052705302,1.2742437394440507,0
04013107401,55.204439826578536,0.2627440778455083,-0.07853132987920287,-0.7231283985704023,0
04013107402,57.4607349190299,0.13001774069454014,-0.017003995520950173,0.44125927666880155,0
04013107403,56.558265889510665,0.14079609389172315,-0.03368712978991584,-0.02447050254886805,0
04013107404,57.338210938285414,0.14368587466080565,-0.022867109698577165,0.3780293323333161,0
04013107601,55.98949605363484,0.20114488405526307,-0.06715015784110141,-0.3179908798954816,0
04013107602,55.6283082442139,0.23051139648312502,-0.07271561144548154,-0.504386105920401,0
04013108302,55.857881132451894,0.25180659841755504,-0.08105656040695479,-0.3859123111904009,0
04013108501,57.31921135471853,0.1611288087018786,-0.03000665991513688,0.36822437330381347,0
04013108502,56.74658215362687,0.16826043247924619,-0.04189110800644557,0.07271232505094151,0
04013109001,58.29678627607586,0.10708819051676048,0.005652447514792763,0.8727134332054249,0
04013109002,56.944195816808914,0.158221966273919,-0.0235892916930512,0.17469318501817827,0
04013109101,57.64762401733191,0.21539979293088016,-0.03623754315598635,0.537705598529563,0
04013109102,58.89989041665079,0.1518497266246045,-0.007081757995209317,1.183952433157429,0
04013109401,57.92786715035256,0.16243613021501246,-0.01745406170818098,0.682328370281084,0
04013109402,58.38205724527875,0.14886593631033931,-0.00783797498322193,0.9167185218694578,0
04013109601,59.63516166806484,0.14887044973777977,-0.005271213056761924,1.5633978283845504,2
04013109602,58.56124461837815,0.16301968446995194,-0.011174189296370395,1.0091902776665875,0
04013109603,59.49878731830135,0.15739324798347165,-0.004086292815688549,1.4930202378758364,0
04013109604,58.810379397258025,0.17440901831194372,-0.013347846632869333,1.1377592166195167,0
04013109702,59.22081547864951,0.16731930694568678,-0.015027054756176973,1.349569593836842,0
04013109703,57.287230562668654,0.19707698782813884,-0.020076527406011534,0.3517203086396434,0
04013109704,59.09423618801331,0.16239954912521024,-0.011526101077963324,1.2842468590357023,0
04013109705,59.172500081230126,0.15478815631250764,-0.012142879813025228,1.324635863551458,0
04013109706,59.359900456311905,0.18513898776417714,-0.01594796105988505,1.42134603582035,0
04013109707,59.128153090346686,0.17849836385520934,-0.04134608325910488,1.3017500762307392,0
04013109801,58.43005647421792,0.1681562245162612,-0.014324082950256403,0.9414890896842516,0
04013109802,58.8933750312861,0.15564399774697948,-0.010506903460029594,1.1805900917493997,0
04013110501,56.53703509272479,0.12885884256224542,-0.03361815286091876,-0.035426905457194784,0
04013110502,56.31089346210435,0.1387680808739658,-0.03096899840023095,-0.15212995925272219,0
04013110801,55.808720313768205,0.21129367851414407,-0.0563090696554477,-0.411282331083395,0
04013110802,55.95602525686132,0.23587331583024718,-0.06799767831309815,-0.33526387905853955,0
04013110901,55.76004287537165,0.2511093601485898,-0.07787332678901594,-0.4364028968820741,0
04013110902,57.40552030053336,0.1987925647767941,-0.057359998333637335,0.4127651220320697,0
04013111201,56.048375150840464,0.2155699780581472,-0.05482863366012807,-0.2876056278312419,0
04013111202,57.64474724017477,0.11781676022393778,0.003006241580481305,0.5362210037718192,0
04013111203,57.30809694224106,0.11372657168814593,-0.005520358771294815,0.3624886497499246,0
04013111401,58.10436303417434,0.18201584669754928,-0.02301886670182118,0.773411151314505,0
04013111402,56.58645661913682,0.2245468979777126,-0.056976645830345105,-0.009922344268281121,0
04013111602,58.164506577826614,0.1483028211423886,-0.005455029848216244,0.804448935870351,0
04013112201,58.6910523229131,0.14330758308586014,-0.00764462733502743,1.0761790735103878,0
04013112202,58.402045812497214,0.1549993445022443,-0.016121314740733278,0.9270338575685577,0
04013112301,57.96079588439147,0.21027977379567253,-0.037344023258308566,0.6993216315811746,0
04013112302,58.966534613395,0.14009721279987464,-0.011562119487807965,1.2183449563583115,0
04013112401,59.330730242559895,0.14712803059192392,-0.008589865054654278,1.4062924032123776,0
04013112402,59.45052249162674,0.14446438194621677,-0.007386176394078948,1.4681126052193225,0
04013112502,59.708420068517455,0.14308324722811933,-0.002992481721028239,1.6012036893644137,2
04013112504,57.599079119896636,0.19321977050354164,-0.022203277074434355,0.5126534320560863,0
04013112507,57.59398950866788,0.09523629213733285,0.009290541022392606,0.5100268781951361,0
04013112508,57.05954060849069,0.10652719456346901,0.007822787760261721,0.2342182242236566,0
04013112510,56.2429503645403,0.11486027909480846,0.008024451571081151,-0.18719279553058144,0
04013112515,57.30066905462813,0.1736187872319697,0.010078253837768125,0.358655400801908,0
04013112516,55.543366317817814,0.18493253880875263,-0.010040941822298208,-0.5482213881658716,0
04013112517,56.17506412091507,0.20769888053160734,-0.028361948257885225,-0.22222629166322858,0
04013112519,59.133605565441115,0.15614137669956707,-0.004233293120336334,1.3045638902662982,0
04013112520,59.128360929138836,0.16032838445591863,-0.014411584389796022,1.3018573338890242,0
04013112521,57.47231890537122,0.08854672673290107,0.00945991146046181,0.4472373293495399,0
04013112522,58.01606357075648,0.13884655902261514,-0.0038975665284762505,0.7278431725168872,0
04013112523,56.29856027352634,0.18617112712014844,-0.020061800775778047,-0.1584946465778343,0
04013112524,55.201708717722695,0.10317578125581978,0.02338747847876503,-0.7245378194844115,0
04013112601,58.629893203367196,0.1202459041986613,0.005381018073332487,1.0446171890450167,0
04013112602,57.923475086213315,0.1501789209051292,-0.01000841557244584,0.6800617938169912,0
04013113201,58.693844742343614,0.14682931907697266,-0.006301449639714926,1.0776201344690655,0
04013113202,58.773244480133705,0.16239554676466464,-0.012118684240718927,1.1185953049639676,0
04013113204,58.06497479153515,0.13828907760261364,-0.0012254090451108896,0.7530843844692263,0
04013113301,58.458983047281166,0.12358397623668506,0.017483415087898222,0.9564169886432283,0
04013113502,58.93427097004584,0.13361901033058723,0.0013533098458521967,1.201694922947451,0
04013113701,57.366522889450316,0.1399456940995862,-0.008116806444901002,0.39264004841769573,0
04013114301,57.59448584779061,0.14183748356399237,-0.007716033030545459,0.5102830198492908,0
04013114302,58.74164827673248,0.11211598694121541,0.016074016335750382,1.1022897118047101,0
04013114401,57.99291412335739,0.09152602263413574,0.025404325484678494,0.7158966273463192,0
04013114402,58.781169503201085,0.10080642280850291,0.019324781376179316,1.1226851065225119,0
04013114704,57.105247124637266,0.102695536619738,0.02592438854427641,0.25780561057983153,0
04013114705,58.229742424741964,0.09628083900754456,0.02352526835713596,0.8381146635431873,0
04013115801,58.709212337527525,0.1626725585401576,-0.0049501345194917605,1.085550763086783,0
04013115802,58.16748424991292,0.1773574143210971,-0.006320195901753974,0.8059855986454438,0
04013116202,58.806572083528685,0.15669190408058892,-0.009467946292935452,1.1357944074963469,0
04013116203,54.395426888176814,0.2545836732130548,-0.049501420180497066,-1.140629060489837,0
04013116204,58.402661470555294,0.14634917710617648,-0.022734713738299436,0.9273515751655995,0
04013116205,57.593099229500666,0.15780490954161083,-0.0042574811061811095,0.5095674391380304,0
04013116605,57.2715718797924,0.18530864100975566,-0.027625552644229594,0.34363946078751967,0
04013116606,57.14812956315429,0.19014288468784202,-0.015072836838818653,0.27993559839059223,0
04013116611,56.40552955507993,0.219684942064013,0.018049560848799977,-0.10329188808808869,0
04013116612,56.052913165749295,0.23738043285159907,-0.011140411777646346,-0.28526373175232317,0
04013116614,56.96499144677784,0.2071844445928135,-0.03195299239330158,0.18542501496172575,0
04013116615,57.71988086357948,0.17965720500406585,-0.01867922917161904,0.5749945956575597,0
04013116616,56.68049825362796,0.2071268171473508,-0.03420027296206126,0.038608949589149046,0
04013116617,54.964010044858654,0.27321255624139834,-0.0327859347770887,-0.8472050211414889,0
04013116619,55.6456513904231,0.21713263512142658,-0.018989851375224895,-0.49543597091216346,0
04013116620,55.78109696850379,0.2338198207994763,-0.021801849497611464,-0.42553768397689373,0
04013116621,57.80641470410862,0.2210513758211694,-0.025582815458456292,0.6196514039537518,0
04013116703,57.71311202278024,0.17196939719300627,-0.013280479598422056,0.5715014555852939,0
04013116707,57.69827777797974,0.17213468047502045,-0.025950554224313794,0.5638460687190247,0
04013116709,56.446370852404904,0.1917257573084482,-0.046038324767832976,-0.0822152552464541,0
04013116710,55.79024502506874,0.18854478981248748,-0.03278608064521333,-0.4208167215672074,0
04013116712,56.793764646350176,0.15791858265676914,-0.010751936066798917,0.09706140651545664,0
04013116714,56.20661836317311,0.16515600736152505,0.01599731305517342,-0.20594235304646574,0
04013116715,57.61674165445328,0.16647088485559242,-0.02408151727222307,0.5217683911853447,0
04013116717,57.244385385170254,0.18037831227291587,-0.032127478718551414,0.3296095498167045,0
04013116719,55.92022889064768,0.14152836945728212,-0.03580608961784834,-0.35373701574041977,0
04013116720,56.60737665328577,0.16966443616682114,0.007821733959517845,8.736859186020666E-4,0
04013116721,56.639538019080824,0.16011868467251036,0.01990505020660645,0.017470937792219275,0
04013116725,55.830313814185686,0.18769635433498508,2.0227361143462254E-4,-0.4001387506911377,0
04013116727,57.96719476031615,0.16428300604829646,0.02852121618938187,0.7026238469194973,0
04013116729,56.283529622075164,0.15521950065609225,0.018425661972769607,-0.16625139141104314,0
04013116731,59.158750685910405,0.1475011256255471,0.044845944501129005,1.3175403260458203,0
04013116732,57.02934431320442,0.18637091625851088,0.03850444567461071,0.21863507014649164,0
04013116734,58.76552778599017,0.14434069667491212,0.0069935582205219865,1.1146130140019477,0
04013116735,58.24835622115773,0.15164646040126448,0.006883441975630019,0.847720532566454,0
04013116736,57.71096783774433,0.17587434197631058,-0.00830705006433901,0.5703949236260664,0
04013116737,56.65086442898855,0.17682752336867125,0.005445923771272949,0.023316065118597785,0
04013116738,56.26965335827709,0.18457877061046685,-0.019195556301701108,-0.17341240089021187,0
04013216806,53.80492119388995,0.2290707948566909,-0.06651063744647413,-1.4453664837491178,0
04013216830,55.51562613790807,0.2069163573818127,-0.030593744787046503,-0.5625370349551082,0
04013216831,53.229149131798415,0.2775852068957437,-0.08906408123630866,-1.7425004424628532,1
04013217501,56.862841488568286,0.17058202253174015,-0.03604086632711041,0.1327093250843986,0
04013217502,55.99222376860823,0.1474831574087149,-0.03967415483593332,-0.3165832104345118,0
04013318501,57.38393071392289,0.17286764434179247,-0.01389564059953943,0.4016235614060464,0
04013319001,51.30140204635009,0.18622757044683902,-0.05315658415610021,-2.7373370464088445,1
04013319002,53.14221477080512,0.27965561863379085,-0.08591979624018628,-1.7873639440651254,1
04013319101,54.350909281232624,0.11188962548537071,-0.041106592187335006,-1.163602896239593,0
04013319103,54.46325493267704,0.15925279061287256,-0.03760198636271755,-1.105625598701587,0
04013319104,54.47157209692965,0.16825827195890863,-0.047472554238131834,-1.101333428062614,0
04013319201,54.90849955077919,0.15134610438433274,-0.029918132862412884,-0.8758518658599881,0
04013319202,53.985887763823634,0.11821719557989645,-0.024156205594178682,-1.351976552455974,0
04013319401,55.304905361205414,0.16383900692378342,-0.04044368129606654,-0.6712819753355943,0
04013319402,55.476623605335405,0.1614792320979481,-0.032088608726776824,-0.5826647515745635,0
04013319404,55.44356639559069,0.15785902576894303,-0.029401906392640096,-0.5997243142768519,0
04013319705,57.79112979384418,0.11163005293166275,-0.021449955137496066,0.611763445863254,0
04013319707,60.43904767055315,0.10684177826377413,-0.005488092784252233,1.9782526745996085,2
04013319708,55.94248064993726,0.1426525706556048,-0.009677229453946086,-0.3422537330989511,0
04013319801,54.65660205388928,0.1647867146928888,-0.04059401714886968,-1.005846538003494,0
04013319802,55.38062247111127,0.17446873302548482,-0.03232667934362851,-0.6322072683639417,0
04013319905,54.693450117392004,0.18704812187898187,-0.03763023665011103,-0.986830660540237,0
04013319907,51.405106430109974,0.29204245969836806,-0.08469802160094905,-2.6838191769057502,1
04013319910,55.11129835008197,0.18211598420416655,-0.04601708660503969,-0.7711951552854374,0
04013320001,56.448575333869684,0.14869231570799848,-0.03725574150486576,-0.08107760660445212,0
04013320002,58.44824351876833,0.1373243052799124,0.01214958729715288,0.950874728377688,0
04013320007,57.42889920792815,0.15834111618781657,-0.02759435755310406,0.4248300827378398,0
04013421303,56.04702463373094,0.14813763753074946,-0.015951966904000074,-0.2883025781028566,0
04013421304,55.594213984886444,0.11379506396507479,-0.014096666442427706,-0.521980850282569,0
04013422102,55.17485664760076,0.12321635348765249,-0.0026711488392142774,-0.7383951467503537,0
04013422103,54.889200488474856,0.1477837131170844,-0.03949888309213331,-0.8858113744216213,0
04013422104,54.83355645554881,0.18625923228183658,-0.046123621154637355,-0.9145271334357937,0
04013422218,53.47584004201356,0.12045318954326475,-0.008151144949533071,-1.6151926907378888,1
04013422225,55.55858244783658,0.17887181103535107,-0.021811126866518395,-0.5403689249318019,0
04013422226,56.13531989586995,0.1105680526718753,-0.010257140673639841,-0.2427367674247086,0
